feature,importance_rmse_increase,std
suhu_c,42.00687068099721,1.4878580078557697
vibrasi_mm_s,40.86382375800141,0.5553587105238836
tekanan_oli_bar,38.362979959957514,1.1702822415600065
jam_operasi_aktif,31.3430669852127,0.5089188957045678
kebisingan_lingkungan_db,0.0016367228013652868,0.007322619197338135
jenis_mesin,0.001219340963173221,0.0021172619691277365
shift_operator,-0.0003576823094372239,0.005287496367876688
